package,guarddog_label,guarddog_score,guarddog_risk_rules,repos
@azure/core-rest-pipeline@1.25.0,low,3.3,threat-runtime-system-info,microsoft/TypeScript
@azure/identity@4.13.3,low,3.3,threat-runtime-environment-read,microsoft/TypeScript
@secretlint/secretlint-rule-preset-recommend@10.2.2,high_risk,7.2,threat-runtime-obfuscation-log-suppress,microsoft/TypeScript
@typespec/ts-http-runtime@0.3.9,low,3.3,threat-runtime-system-info,microsoft/TypeScript
@vscode/extension-telemetry@1.5.2,low,3.3,threat-runtime-system-info,microsoft/TypeScript
address@1.1.2,suspicious,6.3,threat-runtime-enumeration,project-qwerty/project-qwerty
browser-sync-client@2.27.5,high_risk,8.2,threat-runtime-obfuscation-dynamic-eval,Esger/Pentominos2
browser-sync@2.27.5,low,3.3,threat-runtime-environment-read,Esger/Pentominos2
buffer@4.9.2,low,4.9,threat-runtime-obfuscation-unicode,mochajs/mocha project-qwerty/project-qwerty
chai@4.3.4,low,3.3,threat-runtime-environment-read,telefonicaid/logops
coffeescript@2.7.0,low,3.3,threat-runtime-environment-read,mochajs/mocha
coveralls@3.1.1,low,3.3,threat-runtime-environment-read,telefonicaid/logops
escope@3.6.0,high_risk,8.8,threat-runtime-obfuscation-hidden-code,Esger/Pentominos2
highlight.js@10.7.3,low,4.9,threat-runtime-obfuscation-unicode,project-qwerty/project-qwerty
jshint@2.9.6,high_risk,7.2,threat-runtime-obfuscation-log-suppress,Esri/a11y-map davglass/registry-static
knip@6.35.0,low,4.9,threat-runtime-obfuscation-unicode,mochajs/mocha
less@3.13.1,low,3.3,threat-runtime-environment-read,Esger/Pentominos2
log4js@0.6.38,low,3.3,threat-runtime-environment-read,Esger/Pentominos2
mocha@6.2.3,high_risk,8.2,threat-filesystem-autostart,telefonicaid/logops
mute-stream@0.0.5,low,4.9,threat-runtime-obfuscation-unicode,Esger/Pentominos2
node-forge@0.10.0,high_risk,7.2,threat-runtime-obfuscation-log-suppress,project-qwerty/project-qwerty
npm@3.10.10,suspicious,6.1,threat-filesystem-autostart threat-runtime-environment-read threat-runtime-obfuscation-unicode,Esger/Pentominos2
phantom@4.0.12,high_risk,8.8,threat-runtime-obfuscation-hidden-code,Esri/a11y-map davglass/registry-static
playwright-core@1.63.0,suspicious,5.1,threat-process-spawn-silent threat-runtime-enumeration threat-runtime-environment-read,mochajs/mocha
prettier@2.5.1,suspicious,6.3,threat-runtime-obfuscation-general,project-qwerty/project-qwerty
pretty-hrtime@1.0.3,low,4.9,threat-runtime-obfuscation-unicode,Esger/Pentominos2
requirejs@2.3.6,high_risk,7.2,threat-runtime-obfuscation-log-suppress,Esger/Pentominos2
stackframe@1.2.1,low,3.3,threat-runtime-environment-read,project-qwerty/project-qwerty
thread-loader@2.1.3,low,4.1,threat-process-spawn-silent,project-qwerty/project-qwerty
typescript@2.9.2,low,3.3,threat-runtime-system-info,Esri/a11y-map
typescript@4.5.4,high_risk,7.2,threat-runtime-obfuscation-log-suppress,telefonicaid/logops
update-notifier@2.5.0,low,4.1,threat-process-spawn-silent,telefonicaid/logops
yaml@2.9.0,low,3.3,threat-runtime-environment-read,mochajs/mocha
